source	status	mapped_parents	result
f70fb16ebc7b56a61dd79094f1512eb39b70e8c2	retained		bcce2c404a2ab369eb3d31e98a53e2a692a094b6
1703e07a4699b910c9a96a8029f7e3efcb4a2bf0	pruned	bcce2c404a2ab369eb3d31e98a53e2a692a094b6	bcce2c404a2ab369eb3d31e98a53e2a692a094b6
f4496193fea21f6a9096cfa93df8ec7b2e3c070a	pruned	bcce2c404a2ab369eb3d31e98a53e2a692a094b6	bcce2c404a2ab369eb3d31e98a53e2a692a094b6
99e9170ea1f4a2d3bbf47480d14f98bb104b61e4	pruned	bcce2c404a2ab369eb3d31e98a53e2a692a094b6	bcce2c404a2ab369eb3d31e98a53e2a692a094b6
2696e22cb8fcd4b33372c13b18266d0202d3d080	pruned	bcce2c404a2ab369eb3d31e98a53e2a692a094b6	bcce2c404a2ab369eb3d31e98a53e2a692a094b6
4a332a2d8c1163f7d7c78d15e0ee5de5a1f033ce	pruned	bcce2c404a2ab369eb3d31e98a53e2a692a094b6	bcce2c404a2ab369eb3d31e98a53e2a692a094b6
9a23a04d17d758c008fb71c0f13435046f999a1d	pruned	bcce2c404a2ab369eb3d31e98a53e2a692a094b6	bcce2c404a2ab369eb3d31e98a53e2a692a094b6
27193c23110af51fcd8bdd41882e18147d3ae442	pruned	bcce2c404a2ab369eb3d31e98a53e2a692a094b6	bcce2c404a2ab369eb3d31e98a53e2a692a094b6
b09256c649cbd35278c54dd133bb6106ff963396	pruned	bcce2c404a2ab369eb3d31e98a53e2a692a094b6	bcce2c404a2ab369eb3d31e98a53e2a692a094b6
58191dc86539229d62dd64549e84ac6fe40ae1e2	pruned	bcce2c404a2ab369eb3d31e98a53e2a692a094b6	bcce2c404a2ab369eb3d31e98a53e2a692a094b6
200a984c2d015c86b331c8b5a78879986389e200	pruned	bcce2c404a2ab369eb3d31e98a53e2a692a094b6	bcce2c404a2ab369eb3d31e98a53e2a692a094b6
31e0942df1bcbaabfbb0dfc21783b5a787a9a98b	pruned	bcce2c404a2ab369eb3d31e98a53e2a692a094b6	bcce2c404a2ab369eb3d31e98a53e2a692a094b6
2a42a8a5cf8b9f4cb2661a329cc9a48fccbb8535	pruned	bcce2c404a2ab369eb3d31e98a53e2a692a094b6	bcce2c404a2ab369eb3d31e98a53e2a692a094b6
130eacd17b6ee474d5ca45d9e07836619e8c23a2	pruned	bcce2c404a2ab369eb3d31e98a53e2a692a094b6	bcce2c404a2ab369eb3d31e98a53e2a692a094b6
27fe257751456e963b4f47c503cbf1469c21e829	pruned	bcce2c404a2ab369eb3d31e98a53e2a692a094b6	bcce2c404a2ab369eb3d31e98a53e2a692a094b6
a782a323946d360908f0edc94ae50315df782608	pruned	bcce2c404a2ab369eb3d31e98a53e2a692a094b6	bcce2c404a2ab369eb3d31e98a53e2a692a094b6
a4e2d97582acf95f175fd84b9b3d76b6eadc0343	pruned	bcce2c404a2ab369eb3d31e98a53e2a692a094b6	bcce2c404a2ab369eb3d31e98a53e2a692a094b6
38fc3e9a5d1f0dce60853c533f1e54e9a66a0993	pruned	bcce2c404a2ab369eb3d31e98a53e2a692a094b6	bcce2c404a2ab369eb3d31e98a53e2a692a094b6
81ce875ba0240342a7dc69009d6b392a5bff5d6e	pruned	bcce2c404a2ab369eb3d31e98a53e2a692a094b6	bcce2c404a2ab369eb3d31e98a53e2a692a094b6
79e7a6ce706b1df988937864d2995d035fbb9d98	pruned	bcce2c404a2ab369eb3d31e98a53e2a692a094b6	bcce2c404a2ab369eb3d31e98a53e2a692a094b6
4240f966573409eb28e180a08a9ad163b6112822	pruned	bcce2c404a2ab369eb3d31e98a53e2a692a094b6	bcce2c404a2ab369eb3d31e98a53e2a692a094b6
824fd43fb5f91c423be916e4c9232d57fe2fdde5	pruned	bcce2c404a2ab369eb3d31e98a53e2a692a094b6	bcce2c404a2ab369eb3d31e98a53e2a692a094b6
9fc768a4b714fd0f7c0d5108ae8a9a0324a0417c	pruned	bcce2c404a2ab369eb3d31e98a53e2a692a094b6	bcce2c404a2ab369eb3d31e98a53e2a692a094b6
0fcfffe7aa4421e1f8834867606cd493794ea5a5	retained	bcce2c404a2ab369eb3d31e98a53e2a692a094b6	85cd9c0ee2c411f6b7b377a7cd2226502657f963
ae5beadfe6dee1069002ce0c155d0a9479484702	pruned	85cd9c0ee2c411f6b7b377a7cd2226502657f963	85cd9c0ee2c411f6b7b377a7cd2226502657f963
15ad24f4efb84fa8bceef92440a4936930ec399b	pruned	85cd9c0ee2c411f6b7b377a7cd2226502657f963	85cd9c0ee2c411f6b7b377a7cd2226502657f963
891ed672bca39b2f1d5397e150a7c3797a25ffd8	pruned	85cd9c0ee2c411f6b7b377a7cd2226502657f963	85cd9c0ee2c411f6b7b377a7cd2226502657f963
afe2eab204b64757cf1cede281a25d8b7d269521	pruned	85cd9c0ee2c411f6b7b377a7cd2226502657f963	85cd9c0ee2c411f6b7b377a7cd2226502657f963
271cbed18ebf0071f4fa48c11493c9315e37e495	pruned	85cd9c0ee2c411f6b7b377a7cd2226502657f963	85cd9c0ee2c411f6b7b377a7cd2226502657f963
d030f271bb3e0eed239b8b562c0046259b6a4fc9	pruned	85cd9c0ee2c411f6b7b377a7cd2226502657f963	85cd9c0ee2c411f6b7b377a7cd2226502657f963
8dbecc755e874cabebfd54cfcedb4fc595a22448	pruned	85cd9c0ee2c411f6b7b377a7cd2226502657f963	85cd9c0ee2c411f6b7b377a7cd2226502657f963
aac40e3f2dc6fb5cf281cf5ef5864a8185d11843	pruned	85cd9c0ee2c411f6b7b377a7cd2226502657f963	85cd9c0ee2c411f6b7b377a7cd2226502657f963
6484e80983c02e0f2669888ab68864b27fd26c5b	pruned	85cd9c0ee2c411f6b7b377a7cd2226502657f963	85cd9c0ee2c411f6b7b377a7cd2226502657f963
f983081d2ffaf0011ffcfd8a51a9434a408f2cde	retained	85cd9c0ee2c411f6b7b377a7cd2226502657f963	0c0a14617dd5b54671154cff6463b8b4c9499ea2
5f97933f79312b437a33047c70ad3711a92f9781	retained	0c0a14617dd5b54671154cff6463b8b4c9499ea2	ee7227862034b24f005142880c958a10d0155a94
aaf32bf10a60f5799badc072364db8c523851f9f	pruned	ee7227862034b24f005142880c958a10d0155a94	ee7227862034b24f005142880c958a10d0155a94
0bd9b31685c2ff838d9ae192795d975efd61d9d1	pruned	ee7227862034b24f005142880c958a10d0155a94	ee7227862034b24f005142880c958a10d0155a94
ca580674caa4e2f22c07790cb98b2d02e4ba97f4	pruned	ee7227862034b24f005142880c958a10d0155a94	ee7227862034b24f005142880c958a10d0155a94
e2403f422eb7dd14075473539983f27f793ac409	pruned	ee7227862034b24f005142880c958a10d0155a94	ee7227862034b24f005142880c958a10d0155a94
f1f5b7be19c99ebf384cf4476953a2e65e2d874e	pruned	ee7227862034b24f005142880c958a10d0155a94	ee7227862034b24f005142880c958a10d0155a94
90116f3f5c2ec9e049b7b533ec4669f4f56bc627	pruned	ee7227862034b24f005142880c958a10d0155a94	ee7227862034b24f005142880c958a10d0155a94
2fe704d553d3b46c21557609bfc533e40e7d7173	pruned	ee7227862034b24f005142880c958a10d0155a94	ee7227862034b24f005142880c958a10d0155a94
c119912b2dc5dab9013df744fb0023a1153a1dab	pruned	ee7227862034b24f005142880c958a10d0155a94	ee7227862034b24f005142880c958a10d0155a94
3963ea04df7702d014c030506dbb92b0c6ed109e	pruned	ee7227862034b24f005142880c958a10d0155a94	ee7227862034b24f005142880c958a10d0155a94
aa875c737fd759372a1db480416a3a77ca261d88	pruned	ee7227862034b24f005142880c958a10d0155a94	ee7227862034b24f005142880c958a10d0155a94
93bcb16baa675d62f3859ca50750517ad7c8cf76	pruned	ee7227862034b24f005142880c958a10d0155a94	ee7227862034b24f005142880c958a10d0155a94
178bfc8f7c80f712835782307d03c2939fe6b873	pruned	ee7227862034b24f005142880c958a10d0155a94	ee7227862034b24f005142880c958a10d0155a94
fb54c42397a11c6ebcd13e87dd3d8bffdeef679a	pruned	ee7227862034b24f005142880c958a10d0155a94	ee7227862034b24f005142880c958a10d0155a94
9aa38d0538cdbe1a0e53d86b1fe723b0dd6cb905	pruned	ee7227862034b24f005142880c958a10d0155a94	ee7227862034b24f005142880c958a10d0155a94
0a45c1aa538a1850caa2b40e9c7e2333ba83cabb	pruned	ee7227862034b24f005142880c958a10d0155a94	ee7227862034b24f005142880c958a10d0155a94
1ff51a733e5a8091be5de39c74b0a9978a7f5ce3	pruned	ee7227862034b24f005142880c958a10d0155a94	ee7227862034b24f005142880c958a10d0155a94
b16ce26410ddf8ba4dafc22d947eec7c03bf0a5e	pruned	ee7227862034b24f005142880c958a10d0155a94	ee7227862034b24f005142880c958a10d0155a94
f6f6516289043f45fcd3ec5522e3e9e5f771598f	pruned	ee7227862034b24f005142880c958a10d0155a94	ee7227862034b24f005142880c958a10d0155a94
9059ee370a06af0b3f0258ef9d421201e4490bf8	pruned	ee7227862034b24f005142880c958a10d0155a94	ee7227862034b24f005142880c958a10d0155a94
60c6387584071dd526e365a7d1ccc1c637f60614	pruned	ee7227862034b24f005142880c958a10d0155a94	ee7227862034b24f005142880c958a10d0155a94
a1eb553ab890789367d66fdfcd21847fdc887032	pruned	ee7227862034b24f005142880c958a10d0155a94	ee7227862034b24f005142880c958a10d0155a94
d8f4830844a353f1534394848978eeb0fbfc2d9a	pruned	ee7227862034b24f005142880c958a10d0155a94	ee7227862034b24f005142880c958a10d0155a94
f107d11ac96bca7d7f11123811b32ccd7b870bff	pruned	ee7227862034b24f005142880c958a10d0155a94	ee7227862034b24f005142880c958a10d0155a94
6a20ff92ab911fe8d67c65a1b696e0a8599d2db5	pruned	ee7227862034b24f005142880c958a10d0155a94	ee7227862034b24f005142880c958a10d0155a94
6af8a70628429c0306ac91cc9996f0eda7de69c3	pruned	ee7227862034b24f005142880c958a10d0155a94	ee7227862034b24f005142880c958a10d0155a94
fe72585afcfca2759113626666ca752b7d5da96a	pruned	ee7227862034b24f005142880c958a10d0155a94	ee7227862034b24f005142880c958a10d0155a94
6dae293b3bac6194ab9f9a23751accf9bf6525bb	pruned	ee7227862034b24f005142880c958a10d0155a94	ee7227862034b24f005142880c958a10d0155a94
4e1640dadec248c447214492bebd2364b9e2a863	pruned	ee7227862034b24f005142880c958a10d0155a94	ee7227862034b24f005142880c958a10d0155a94
2df8986cdf70d0df2d6cb108f5bd1d4c1943fdce	pruned	ee7227862034b24f005142880c958a10d0155a94	ee7227862034b24f005142880c958a10d0155a94
684d0b514e77597a25d10e2f472ce634b87128ee	pruned	ee7227862034b24f005142880c958a10d0155a94	ee7227862034b24f005142880c958a10d0155a94
36b7f7b2bb6d4c6e239bffcddd6cf5e99888f883	pruned	ee7227862034b24f005142880c958a10d0155a94	ee7227862034b24f005142880c958a10d0155a94
cf0a1effa06d1f8ebb67b8c86ac257d92c96a402	pruned	ee7227862034b24f005142880c958a10d0155a94	ee7227862034b24f005142880c958a10d0155a94
42828a652adcac8a7e60f9ec9509e720c2b88b71	pruned	ee7227862034b24f005142880c958a10d0155a94	ee7227862034b24f005142880c958a10d0155a94
92ca221ec257fe90ada23813700f3378ffd1283e	pruned	ee7227862034b24f005142880c958a10d0155a94	ee7227862034b24f005142880c958a10d0155a94
2886d8ff72d56bcfee3ee36259da057da3f4ab81	pruned	ee7227862034b24f005142880c958a10d0155a94	ee7227862034b24f005142880c958a10d0155a94
bb34400c6a15f94a3221c9a749b79d37480dee2e	pruned	ee7227862034b24f005142880c958a10d0155a94	ee7227862034b24f005142880c958a10d0155a94
f1f78e2a89cb9666cc6adb2f9cafb527c16f94f1	retained	ee7227862034b24f005142880c958a10d0155a94	11932e6842ae711a3fe8773bfa025fcba1969f9a
52fe4abb6612c3872902737d17b0ff85fb625ae5	retained	11932e6842ae711a3fe8773bfa025fcba1969f9a	f2d1fa676d202e2de3fd2b0c9b2b4528a5d6f755
0661dd8ac8f90ebce0a83e39eae49ea6d5c86862	retained	f2d1fa676d202e2de3fd2b0c9b2b4528a5d6f755	bab9a6b4c8d7332298c9d077c5f5199ae6a23fa3
015960eefef8f26a46570519447088edec276b67	retained	bab9a6b4c8d7332298c9d077c5f5199ae6a23fa3	2892216345de6b66701c1aa80c6eb0411df718f4
c4c5dcc964885b2209172843c045982e9c852d6a	retained	2892216345de6b66701c1aa80c6eb0411df718f4	ab99776508b462263dc8cf404b9aa1fb1b846629
7a9ef1a50748e89806b52435a704f2c0a61a066e	retained	ab99776508b462263dc8cf404b9aa1fb1b846629	70e86df6ea81c90e0b2eea5db8673c0eb7ac34f3
b49bf0929d32fa7207f0d41099b6aada57d3d8e4	retained	70e86df6ea81c90e0b2eea5db8673c0eb7ac34f3	4532aa63e267ce53a343bc1da3da98d1c230d627
c8819540b9759e6523ccec5eb4b188a8575e5f04	retained	4532aa63e267ce53a343bc1da3da98d1c230d627	70239d7fe8093eee286b5e5f6eb3394c32ff5e09
4e7ea09de7961dc143862b1c1bb86abcb8ebd4d8	retained	70239d7fe8093eee286b5e5f6eb3394c32ff5e09	1e7214f9f67d854ba6f0da1db29320ede18a5626
35b5afdc650bbc0cdf5c690a4c9293a29c964492	retained	1e7214f9f67d854ba6f0da1db29320ede18a5626	0bbe0a16fbe71611a2f54a7d1d8ce7eecd1ab3c7
5430f498e96afc0cd43f87856db23bdd614d78bf	pruned	0bbe0a16fbe71611a2f54a7d1d8ce7eecd1ab3c7	0bbe0a16fbe71611a2f54a7d1d8ce7eecd1ab3c7
471604a94b3b6f28febcbdbe13ad67848b8218ce	retained	0bbe0a16fbe71611a2f54a7d1d8ce7eecd1ab3c7	04a69eb1dcfa7242091277550651448ae8996dcd
143132cd20cfeb804020e713033e205bf0ec2f08	retained	04a69eb1dcfa7242091277550651448ae8996dcd	e6dabdbb3d0453e29ea7566745b2c2706f4882ba
76ccdbec69badb93c8d5a60b6f94bbfaccdccaf1	retained	e6dabdbb3d0453e29ea7566745b2c2706f4882ba	81b796c2bf4bee3236f0d13f036c7decf4f8d585
f504e40dfd95f92a132d490800e90f56d71a63a6	pruned	81b796c2bf4bee3236f0d13f036c7decf4f8d585	81b796c2bf4bee3236f0d13f036c7decf4f8d585
63c3072ee7fae3e8a5bd4e2a2f53f4ada66f2ecb	pruned	81b796c2bf4bee3236f0d13f036c7decf4f8d585	81b796c2bf4bee3236f0d13f036c7decf4f8d585
83b38490978020ca6db82d1ab4409c189c5ee224	pruned	81b796c2bf4bee3236f0d13f036c7decf4f8d585	81b796c2bf4bee3236f0d13f036c7decf4f8d585
758a0bd5859fa98d67a67efa1b110240e841e97c	pruned	81b796c2bf4bee3236f0d13f036c7decf4f8d585	81b796c2bf4bee3236f0d13f036c7decf4f8d585
bafbaa6d275d78af29dc82a0a6b89fe11cca85e7	pruned	81b796c2bf4bee3236f0d13f036c7decf4f8d585	81b796c2bf4bee3236f0d13f036c7decf4f8d585
1386a32aebc7a0a67bcf8bb83bc6efc90c0d50db	retained	81b796c2bf4bee3236f0d13f036c7decf4f8d585	691c74d8a2c7b9ee3f93e922b1c48f01bd4a07f1
4f8eb38f76c6379178b5443dcf463b5ab743ceb0	retained	691c74d8a2c7b9ee3f93e922b1c48f01bd4a07f1	c0af536553bb31f8aa596acf91e51612d209192a
60c15c448df9b7ec89c48bf9c84400d3b9229ef2	retained	c0af536553bb31f8aa596acf91e51612d209192a	07f920d11d36648796189da4d841bf8c7a7aceb4
5e2e2d44b3e9bdbe9865a1f5c69e1d37e5872b95	retained	07f920d11d36648796189da4d841bf8c7a7aceb4	974bf8b0c598ec0bfd87aca86e2aec7e125fb0c3
6ee02b1da51d2a60caf3c3838c01466281838733	retained	974bf8b0c598ec0bfd87aca86e2aec7e125fb0c3	c099704172b49678f98decc6eead942eb4cb421a
3b78f4af2cf2c519853359d89523c1810dd466de	pruned	c099704172b49678f98decc6eead942eb4cb421a	c099704172b49678f98decc6eead942eb4cb421a
e88b3a8bf4113bc495a9a3fa969ec448c0d6d3d9	retained	c099704172b49678f98decc6eead942eb4cb421a	e9dd3ffd1d0d05a45b5e906dac5d97c3d801640d
6a96d98c3fd8f9208aa94ae162fa098453d5724c	retained	e9dd3ffd1d0d05a45b5e906dac5d97c3d801640d	9eefb79431c39bff1b6202987e3e7ab86d01a944
f5e1e7020e58b1a396cd20dfed5529e665414084	retained	9eefb79431c39bff1b6202987e3e7ab86d01a944	70f5963e8172ec0ff260a19b712b4c026eb0964b
4c3c5fd5034415c27c5062d22a6df8ad8c831235	retained	70f5963e8172ec0ff260a19b712b4c026eb0964b	a018c2647730885aed53beeb4baa2036342e8057
f4c2033ef85b286209a78883e36a1e71410d9b84	retained	a018c2647730885aed53beeb4baa2036342e8057	c41037915711ec70a2d23c45afada9ff411d60b6
821b2f54eea9fe107238298efa805d8d09b5ea61	retained	c41037915711ec70a2d23c45afada9ff411d60b6	008eb006d9a0837c984a05adf21abbdf8de527f3
b2d1ebe8bf9aa5e1f65ddb25baffc0857ce7d5c1	retained	008eb006d9a0837c984a05adf21abbdf8de527f3	4726b73a3c8823bccb2479231510f7465e4956da
97330494b166ada1a4344e728b92fea6698a6dbf	retained	4726b73a3c8823bccb2479231510f7465e4956da	3dff900d2698eb462cebc9ae6f6a3b8455036ffa
1f1ceb642dbe7193798455cfb7a37736ae79f26a	retained	3dff900d2698eb462cebc9ae6f6a3b8455036ffa	661a04b8b3cea07901ad9790e81c94110196f8ad
b82f574965fa247833301228ba95a9bd8e5eb0e2	retained	661a04b8b3cea07901ad9790e81c94110196f8ad	f07201e9be0dbf6302b353fc59e8fbf838f80ab9
8ae65024b633db9242c7f776674495369ecb136e	retained	f07201e9be0dbf6302b353fc59e8fbf838f80ab9	e4f3edbdb65d6a946eb756897d25cdeda63baeff
4214dde4e98bdd252370b93e3993b634d47d9b43	retained	e4f3edbdb65d6a946eb756897d25cdeda63baeff	359e03394d5ac384338da39aeaf49fbbb14eb772
d97e71405ac91a7618ecdf166f4a1c25a462e25d	retained	359e03394d5ac384338da39aeaf49fbbb14eb772	adf1384d8398f3af6e393ac7432eea0326ab63bd
aef68e5ebc116d1311c5b1e8ab7223f32f65d51e	pruned	adf1384d8398f3af6e393ac7432eea0326ab63bd	adf1384d8398f3af6e393ac7432eea0326ab63bd
26ae9363a2d78f4db16d2354663e4cb7c378cb14	retained	adf1384d8398f3af6e393ac7432eea0326ab63bd	2a717f5b3d54e82facc0c8c92f85afa5dc54a5d7
e05051c39b67d0bcccef253a396fe303bbda591b	retained	2a717f5b3d54e82facc0c8c92f85afa5dc54a5d7	7a9ff67f01b0a48952f490233a6269ece9cbe4f9
ed755317d091373f8934b882356cc09ec091058e	retained	7a9ff67f01b0a48952f490233a6269ece9cbe4f9	d5899fb2e2010c8eecc16d008154783ef0bd0d6c
03f3e6b86f60f1f4793a2d31f524c077d951d84d	retained	d5899fb2e2010c8eecc16d008154783ef0bd0d6c	f131917ff6e68e29d07989bcd298e1277b8a654a
6018a9f6eed3459d941bbbaf20737bf86659b4be	retained	f131917ff6e68e29d07989bcd298e1277b8a654a	bff85410132eff4651b60227f128320a71012730
125236e5d3b9e2f887c3a90930e566e7ee389ab3	pruned	bff85410132eff4651b60227f128320a71012730	bff85410132eff4651b60227f128320a71012730
b0a0fbf189468136f67e409768d4727ed988967b	retained	bff85410132eff4651b60227f128320a71012730	1a646dd5f35d4fb342217c135953c4ebd6e55718
7ab271ef3f79d2b7cf15adbbda30539712daea66	pruned	1a646dd5f35d4fb342217c135953c4ebd6e55718	1a646dd5f35d4fb342217c135953c4ebd6e55718
44915916d601791db0cc01f87efeff2928527c65	pruned	1a646dd5f35d4fb342217c135953c4ebd6e55718	1a646dd5f35d4fb342217c135953c4ebd6e55718
573397fdbe0ad2f61e31cfaaed1b99e638e47858	retained	1a646dd5f35d4fb342217c135953c4ebd6e55718	af1edf8a578b4226615bd543a76aa7ee6e94605b
9d996ca4a675f4e7b7addb9bf0f1fe928bc909c8	pruned	af1edf8a578b4226615bd543a76aa7ee6e94605b	af1edf8a578b4226615bd543a76aa7ee6e94605b
cea34f1cac5d320b3c06c7067ac6903fd6988527	retained	af1edf8a578b4226615bd543a76aa7ee6e94605b	9f894d1404e32bb9b1ee0335045fc9d034b293e6
daf9d68193ecddf1a8769393ac44ade624c0c868	retained	9f894d1404e32bb9b1ee0335045fc9d034b293e6	607683cc16f6622a18c805dd63e686e9685c2974
67b3e5eddf5015b1f5bddf06748beeeb87920bb6	retained	607683cc16f6622a18c805dd63e686e9685c2974	27f5038bc6223a02c6a3f826b04d645db97af128
cf16561a675f7e62ca4e42c48d2d60c4d87a04fa	pruned	27f5038bc6223a02c6a3f826b04d645db97af128	27f5038bc6223a02c6a3f826b04d645db97af128
f80e5b6e8329f6204a946eba3783d944ae3139c8	pruned	27f5038bc6223a02c6a3f826b04d645db97af128	27f5038bc6223a02c6a3f826b04d645db97af128
4a051ce5bd9b3862a9de9afd4643e4ca0182a03d	pruned	27f5038bc6223a02c6a3f826b04d645db97af128	27f5038bc6223a02c6a3f826b04d645db97af128
0adc02fcb3dd67489aa786aa18398e27916f5910	retained	27f5038bc6223a02c6a3f826b04d645db97af128	2e34ad1880497d6c05d20d470d5210a826d73864
2706b9baa90e5d19bba6008ee9270743d1e9461b	retained	2e34ad1880497d6c05d20d470d5210a826d73864	b798ee086cd9a4caa7c3a6ba08fb8ba2a8ea523c
d59fe660d54523c90fb52ba5b57000007ddf34ae	retained	b798ee086cd9a4caa7c3a6ba08fb8ba2a8ea523c	816a40fdf912432e86a9a996d2910263cdeabd1f
70753c8a2c8cd1015c82a8fb263c4d29fd9e724e	retained	816a40fdf912432e86a9a996d2910263cdeabd1f	8e903d02f01fe2f74ee55c4bdeade0604685b353
472e7fe5f8bf8e7862f8677e4a1e1e781082f414	retained	8e903d02f01fe2f74ee55c4bdeade0604685b353	0eabcedb88d629d6f94da6eb9666b4771b69d43b
784b5b179c5d23c2d789b876d3848eafeab91944	retained	0eabcedb88d629d6f94da6eb9666b4771b69d43b	53549a018c19ca3f8fcfe9c1aa94ea80dea94d6a
8a2f9aa855ac2bb542e3fe12c48c638b6722bba5	retained	53549a018c19ca3f8fcfe9c1aa94ea80dea94d6a	69f58e9890214ad30ce2f2492615a24716419ad7
e6a3f67ef2c69c5809bbbe57ecccd17b711430da	pruned	69f58e9890214ad30ce2f2492615a24716419ad7	69f58e9890214ad30ce2f2492615a24716419ad7
b472462e110898d072e3b511fcd763abee12bb51	retained	69f58e9890214ad30ce2f2492615a24716419ad7	106fd1fb95af3958c884b9af30c7769d3042b802
cbaf12550c032049004cceda79bfd653ce35718a	retained	106fd1fb95af3958c884b9af30c7769d3042b802	e8d74524b13552f29dbe9f0be8953cb072688517
5a0f6e29cf3e9880c3f6c506065be2935d605f10	retained	e8d74524b13552f29dbe9f0be8953cb072688517	8ed6be66cc819cde79080c8868838c3dc71052a4
c3c7a1e1452fa86d56891ce9d531126552a3a698	retained	8ed6be66cc819cde79080c8868838c3dc71052a4	f06fb56bc7c72d82030ee1d7b6e2c7615b132d4e
d7a3834073c14716ad9d34d0ce3d08f53ebf9b28	retained	f06fb56bc7c72d82030ee1d7b6e2c7615b132d4e	6fa3f1cfe47cc8cb74b716bc59ae93ef440ed516
95a1ce1aaa8150a6ba4e62f81e38fea960eac90c	retained	6fa3f1cfe47cc8cb74b716bc59ae93ef440ed516	582f5d9cd73725b7770acbd17d1c88690f49f96c
68e20fba3b21579ea9eea6271a4dae0d6b0b12a8	retained	582f5d9cd73725b7770acbd17d1c88690f49f96c	781d5a264a7cb99de6478658dbc51c1d6112432a
